{"options":{"validator":{"$jsonSchema":{"bsonType":"object","title":"Validador de la Colección Clientes","required":["nombre_completo","email"],"properties":{"_id":{"bsonType":"objectId"},"nombre_completo":{"bsonType":"string","description":"Debe ser un string y es requerido"},"email":{"bsonType":"string","description":"Debe ser un string, es requerido y debe ser único"},"telefono":{"bsonType":"string"},"tipo_documento_identidad":{"bsonType":"string"},"numero_documento_identidad":{"bsonType":"string","description":"Debe ser único en combinación con tipo_documento_identidad"},"fecha_nacimiento":{"bsonType":"date"},"pais_origen_cliente":{"bsonType":"string"},"es_huesped_recurrente_historico":{"bsonType":"bool"},"total_cancelaciones_previas_cliente":{"bsonType":"int","minimum":{"$numberInt":"0"}},"total_reservas_previas_no_canceladas_cliente":{"bsonType":"int","minimum":{"$numberInt":"0"}},"historial_ids_reservas":{"bsonType":"array","items":{"bsonType":"objectId"}}}}},"validationLevel":"strict","validationAction":"error"},"indexes":[{"v":{"$numberInt":"2"},"key":{"_id":{"$numberInt":"1"}},"name":"_id_"},{"v":{"$numberInt":"2"},"key":{"email":{"$numberInt":"1"}},"name":"email_1","unique":true},{"v":{"$numberInt":"2"},"key":{"tipo_documento_identidad":{"$numberInt":"1"},"numero_documento_identidad":{"$numberInt":"1"}},"name":"tipo_documento_identidad_1_numero_documento_identidad_1","unique":true,"sparse":true}],"uuid":"50a04e9bd1c2485bb7b8e01a63815062","collectionName":"Clientes","type":"collection"}