{"options":{"validator":{"$jsonSchema":{"bsonType":"object","title":"Validador de la Colección DetallesReserva","required":["reserva_id","tipo_habitacion_reservada"],"properties":{"_id":{"bsonType":"objectId"},"reserva_id":{"bsonType":"objectId","description":"FK a Reservas, requerido y único"},"pais_origen_reserva":{"bsonType":"string"},"es_huesped_recurrente_al_reservar":{"bsonType":"bool"},"cancelaciones_previas_cliente_al_reservar":{"bsonType":"int","minimum":{"$numberInt":"0"}},"reservas_previas_no_canceladas_cliente_al_reservar":{"bsonType":"int","minimum":{"$numberInt":"0"}},"tipo_habitacion_reservada":{"bsonType":"string","description":"Requerido"},"tipo_habitacion_asignada":{"bsonType":"string"},"cambios_en_reserva":{"bsonType":"int","minimum":{"$numberInt":"0"}},"tipo_cliente_en_reserva":{"bsonType":"string"}}}},"validationLevel":"strict","validationAction":"error"},"indexes":[{"v":{"$numberInt":"2"},"key":{"_id":{"$numberInt":"1"}},"name":"_id_"},{"v":{"$numberInt":"2"},"key":{"reserva_id":{"$numberInt":"1"}},"name":"reserva_id_1","unique":true},{"v":{"$numberInt":"2"},"key":{"tipo_habitacion_reservada":{"$numberInt":"1"}},"name":"tipo_habitacion_reservada_1"}],"uuid":"f5294e92222b4136bd439aeb0c555c0a","collectionName":"DetallesReserva","type":"collection"}