{"options":{"validator":{"$jsonSchema":{"bsonType":"object","title":"Validador de la Colección ModalidadesPago","required":["nombre_modalidad","activo"],"properties":{"_id":{"bsonType":"objectId"},"nombre_modalidad":{"bsonType":"string","description":"Requerido y único"},"descripcion":{"bsonType":"string"},"proveedor_pasarela":{"bsonType":"string"},"activo":{"bsonType":"bool","description":"Requerido"}}}},"validationLevel":"strict","validationAction":"error"},"indexes":[{"v":{"$numberInt":"2"},"key":{"_id":{"$numberInt":"1"}},"name":"_id_"},{"v":{"$numberInt":"2"},"key":{"nombre_modalidad":{"$numberInt":"1"}},"name":"nombre_modalidad_1","unique":true}],"uuid":"829acda4e8d84bb1af558e863f2ea731","collectionName":"ModalidadesPago","type":"collection"}