{"options":{"validator":{"$jsonSchema":{"bsonType":"object","title":"Validador de la Colección Pagos","required":["reserva_id","monto_total","moneda","fecha_pago","modalidad_pago_id","estado_pago"],"properties":{"_id":{"bsonType":"objectId"},"reserva_id":{"bsonType":"objectId","description":"FK a Reservas, requerido"},"cliente_id":{"bsonType":"objectId","description":"FK a Clientes"},"monto_total":{"bsonType":"double","minimum":{"$numberInt":"0"},"description":"Requerido"},"moneda":{"bsonType":"string","description":"Requerido"},"fecha_pago":{"bsonType":"date","description":"Requerido"},"modalidad_pago_id":{"bsonType":"objectId","description":"FK a ModalidadesPago, requerido"},"estado_pago":{"bsonType":"string","description":"Requerido"},"tipo_documento_pago_id":{"bsonType":"objectId","description":"FK a TiposDocumentoPago"},"numero_documento_pago_emitido":{"bsonType":"string"}}}},"validationLevel":"strict","validationAction":"error"},"indexes":[{"v":{"$numberInt":"2"},"key":{"_id":{"$numberInt":"1"}},"name":"_id_"},{"v":{"$numberInt":"2"},"key":{"reserva_id":{"$numberInt":"1"}},"name":"reserva_id_1"},{"v":{"$numberInt":"2"},"key":{"cliente_id":{"$numberInt":"1"}},"name":"cliente_id_1"},{"v":{"$numberInt":"2"},"key":{"modalidad_pago_id":{"$numberInt":"1"}},"name":"modalidad_pago_id_1"},{"v":{"$numberInt":"2"},"key":{"fecha_pago":{"$numberInt":"-1"}},"name":"fecha_pago_-1"}],"uuid":"7c5ec2a62ecf48ae9afad3cc3b387c5a","collectionName":"Pagos","type":"collection"}