{"options":{"validator":{"$jsonSchema":{"bsonType":"object","title":"Validador de la Colección Reservas","required":["cliente_id","detalle_reserva_id","fecha_creacion_reserva","fue_cancelada","fecha_llegada","fecha_salida","noches_estadia","estado_reserva","fecha_estado_reserva","adr"],"properties":{"_id":{"bsonType":"objectId"},"cliente_id":{"bsonType":"objectId","description":"FK a Clientes, requerido"},"detalle_reserva_id":{"bsonType":"objectId","description":"FK a DetallesReserva, requerido"},"fecha_creacion_reserva":{"bsonType":"date","description":"Requerido"},"fue_cancelada":{"bsonType":"bool","description":"Requerido"},"tiempo_anticipacion_reserva_dias":{"bsonType":"int","minimum":{"$numberInt":"0"}},"fecha_llegada":{"bsonType":"date","description":"Requerido"},"fecha_salida":{"bsonType":"date","description":"Requerido"},"noches_estadia":{"bsonType":"int","minimum":{"$numberInt":"1"},"description":"Requerido"},"estado_reserva":{"bsonType":"string","description":"Requerido"},"fecha_estado_reserva":{"bsonType":"date","description":"Requerido"},"adr":{"bsonType":"double","minimum":{"$numberInt":"0"},"description":"Requerido"},"canal_reserva":{"bsonType":"string"}}}},"validationLevel":"strict","validationAction":"error"},"indexes":[{"v":{"$numberInt":"2"},"key":{"_id":{"$numberInt":"1"}},"name":"_id_"},{"v":{"$numberInt":"2"},"key":{"cliente_id":{"$numberInt":"1"}},"name":"cliente_id_1"},{"v":{"$numberInt":"2"},"key":{"detalle_reserva_id":{"$numberInt":"1"}},"name":"detalle_reserva_id_1","unique":true},{"v":{"$numberInt":"2"},"key":{"fecha_llegada":{"$numberInt":"1"}},"name":"fecha_llegada_1"},{"v":{"$numberInt":"2"},"key":{"estado_reserva":{"$numberInt":"1"}},"name":"estado_reserva_1"}],"uuid":"0148daaff75645c4b01b698f8b170fb8","collectionName":"Reservas","type":"collection"}