{"options":{"validator":{"$jsonSchema":{"bsonType":"object","title":"Validador de la Colección TiposDocumentoPago","required":["nombre_documento","activo"],"properties":{"_id":{"bsonType":"objectId"},"nombre_documento":{"bsonType":"string","description":"Requerido y único"},"requiere_datos_empresa_cliente":{"bsonType":"bool"},"activo":{"bsonType":"bool","description":"Requerido"}}}},"validationLevel":"strict","validationAction":"error"},"indexes":[{"v":{"$numberInt":"2"},"key":{"_id":{"$numberInt":"1"}},"name":"_id_"},{"v":{"$numberInt":"2"},"key":{"nombre_documento":{"$numberInt":"1"}},"name":"nombre_documento_1","unique":true}],"uuid":"0511d62153f246e9aed1f52f7a7c46b2","collectionName":"TiposDocumentoPago","type":"collection"}