{"options":{"validator":{"$jsonSchema":{"bsonType":"object","title":"Validador de la Colección TiposHabitacion","required":["nombre_tipo_habitacion","capacidad_maxima_adultos","precio_base_noche","activo"],"properties":{"_id":{"bsonType":"objectId"},"nombre_tipo_habitacion":{"bsonType":"string","description":"Requerido y único"},"codigo_interno_tipo":{"bsonType":"string","description":"Único si se provee"},"descripcion":{"bsonType":"string"},"capacidad_maxima_adultos":{"bsonType":"int","minimum":{"$numberInt":"1"},"description":"Requerido"},"capacidad_maxima_ninos":{"bsonType":"int","minimum":{"$numberInt":"0"}},"precio_base_noche":{"bsonType":"double","minimum":{"$numberInt":"0"},"description":"Requerido"},"activo":{"bsonType":"bool","description":"Requerido"},"fotos_urls":{"bsonType":"array","items":{"bsonType":"string"}}}}},"validationLevel":"strict","validationAction":"error"},"indexes":[{"v":{"$numberInt":"2"},"key":{"_id":{"$numberInt":"1"}},"name":"_id_"},{"v":{"$numberInt":"2"},"key":{"nombre_tipo_habitacion":{"$numberInt":"1"}},"name":"nombre_tipo_habitacion_1","unique":true},{"v":{"$numberInt":"2"},"key":{"codigo_interno_tipo":{"$numberInt":"1"}},"name":"codigo_interno_tipo_1","unique":true,"sparse":true}],"uuid":"b51534e9d6654eb5998561832ae29025","collectionName":"TiposHabitacion","type":"collection"}