{"options":{"validator":{"$jsonSchema":{"bsonType":"object","title":"Validador de la Colección TiposCliente","required":["nombre_tipo_cliente"],"properties":{"_id":{"bsonType":"objectId"},"nombre_tipo_cliente":{"bsonType":"string","description":"Requerido y único"},"codigo_interno_tipo_cliente":{"bsonType":"string","description":"Único si se provee"},"descripcion":{"bsonType":"string"},"condiciones_especiales":{"bsonType":"string"}}}},"validationLevel":"strict","validationAction":"error"},"indexes":[{"v":{"$numberInt":"2"},"key":{"_id":{"$numberInt":"1"}},"name":"_id_"},{"v":{"$numberInt":"2"},"key":{"nombre_tipo_cliente":{"$numberInt":"1"}},"name":"nombre_tipo_cliente_1","unique":true},{"v":{"$numberInt":"2"},"key":{"codigo_interno_tipo_cliente":{"$numberInt":"1"}},"name":"codigo_interno_tipo_cliente_1","unique":true,"sparse":true}],"uuid":"c9762515e8c84372b87efea0facac875","collectionName":"TiposCliente","type":"collection"}